elapsed_seconds,pid,ppid,footprint_bytes,rss_bytes,cpu_one_core_percent,sample_cost_seconds
0.000272,7897,1553,66733160,92438528,0,0.014527
0.205056,7897,1553,66733160,92356608,0.0136,0.016277
0.410153,7897,1553,66733160,92356608,0.0157,0.014853
0.612566,7897,1553,66733160,92356608,0.0141,0.016644
0.813227,7897,1553,66733160,92258304,0.0136,0.017225
1.018668,7897,1553,66733160,92258304,0.0124,0.018188
1.222683,7897,1553,66733160,92258304,0.0152,0.024996
1.427933,7897,1553,66733160,92258304,0.0103,0.016648
1.63033,7897,1553,66733160,92258304,0.0106,0.015319
1.835401,7897,1553,66733160,92258304,0.0128,0.01668
2.040497,7897,1553,66733160,92258304,0.0161,0.020168
2.245581,7897,1553,66733160,92258304,0.0173,0.021152
2.450725,7897,1553,66733160,92258304,0.0155,0.019843
2.655807,7897,1553,66733160,92258304,0.0152,0.020567
2.85602,7897,1553,66733160,92258304,0.0147,0.017931
3.061095,7897,1553,66733160,92225536,0.012,0.019129
3.265152,7897,1553,66733160,92225536,0.0135,0.0176
3.46779,7897,1553,66733160,92225536,0.015,0.026132
3.672694,7897,1553,66733160,92225536,0.0142,0.020684
3.877787,7897,1553,66733160,92225536,0.0162,0.020138
4.082916,7897,1553,66733160,92225536,0.0153,0.020775
4.288025,7897,1553,66733160,92225536,0.0154,0.021463
4.492016,7897,1553,66733160,92225536,0.0142,0.020899
4.696141,7897,1553,66733160,92225536,0.0156,0.021467
4.900928,7897,1553,66733160,92225536,0.0156,0.021356
5.106015,7897,1553,66733160,92225536,0.0155,0.020133
5.311087,7897,1553,66733160,92225536,0.0149,0.019758
5.512845,7897,1553,66733160,92225536,0.0155,0.020916
5.717363,7897,1553,66733160,92225536,0.0155,0.019338
5.922461,7897,1553,66733160,92225536,0.0157,0.020606
6.127551,7897,1553,66733160,92225536,0.0176,0.022065
6.33267,7897,1553,66733160,92225536,0.0159,0.021651
6.536998,7897,1553,66733160,92225536,0.0149,0.021034
6.737129,7897,1553,66733160,92225536,0.0148,0.021099
6.939338,7897,1553,66733160,92225536,0.0134,0.020746
7.143313,7897,1553,66733160,92225536,0.0124,0.017025
7.347736,7897,1553,66733160,92225536,0.0154,0.021788
7.552849,7897,1553,66733160,92225536,0.0143,0.019724
7.757927,7897,1553,66733160,92225536,0.0149,0.019319
7.958187,7897,1553,66733160,92225536,0.0158,0.019918
8.163305,7897,1553,66733160,92225536,0.0151,0.016969
8.368385,7897,1553,66733160,92225536,0.0166,0.024492
8.573482,7897,1553,66733160,92225536,0.0159,0.019895
8.778558,7897,1553,66733160,92225536,0.0155,0.020233
8.978756,7897,1553,66733160,92225536,0.0165,0.021551
9.181358,7897,1553,66733160,92143616,0.0152,0.022319
9.38648,7897,1553,66733160,92143616,0.016,0.020265
9.591569,7897,1553,66733160,92143616,0.016,0.021397
9.792109,7897,1553,66733160,92143616,0.0163,0.022779
9.995462,7897,1553,66733160,88915968,0.0152,0.022322
10.197265,7897,1553,66733160,83443712,0.0156,0.022208
10.400617,7897,1553,66733160,83279872,0.0169,0.023211
10.605713,7897,1553,66733160,83279872,0.016,0.020397
10.810816,7897,1553,66733160,83279872,0.0144,0.019602
11.015908,7897,1553,66733160,83279872,0.0178,0.019808
11.217341,7897,1553,66733160,83279872,0.0171,0.020612
11.4217,7897,1553,66733160,83279872,0.017,0.021278
11.625457,7897,1553,66733160,83279872,0.0164,0.020099
11.83054,7897,1553,66733160,83279872,0.018,0.020466
